ts,ticker,event_ticker,series,title,side,ask,bid,spread,volume,open_interest,expiry,contracts,fee_usd,win_usd,loss_usd,breakeven_prob,fill_price,depth_at_ask,depth_status,fillable
2026-10-07T00:22:53+00:00,KXNCAAFGAME-26OCT06USMTROY-USM,KXNCAAFGAME-26OCT06USMTROY,KXNCAAFGAME,Southern Miss wins,no,90.0,89.0,1.0,0,0,2026-10-07T03:00:00+00:00,100,0.58,8.42,91.58,0.9158,91.0,20249.0,ok,100
2026-10-07T00:22:53+00:00,KXNCAAFGAME-26OCT06USMTROY-TROY,KXNCAAFGAME-26OCT06USMTROY,KXNCAAFGAME,Troy wins,yes,90.0,89.0,1.0,0,0,2026-10-07T03:00:00+00:00,100,0.58,8.42,91.58,0.9158,91.0,82197.74,ok,100
2026-10-07T00:23:42+00:00,KXMLBGAME-26OCT061800LADATL-LAD,KXMLBGAME-26OCT061800LADATL,KXMLBGAME,Los Angeles D wins,yes,90.0,89.0,1.0,0,0,2026-10-07T01:00:00+00:00,100,0.63,9.37,90.63,0.9063,90.0,92076.79,ok,100
2026-10-07T00:23:42+00:00,KXMLBGAME-26OCT061800LADATL-ATL,KXMLBGAME-26OCT061800LADATL,KXMLBGAME,Atlanta wins,no,90.0,89.0,1.0,0,0,2026-10-07T01:00:00+00:00,100,0.63,9.37,90.63,0.9063,90.0,73460.28,ok,100
2026-10-07T00:28:34+00:00,KXNCAAFGAME-26OCT06USMTROY-USM,KXNCAAFGAME-26OCT06USMTROY,KXNCAAFGAME,Southern Miss wins,no,94.0,93.0,1.0,0,0,2026-10-07T03:00:00+00:00,100,0.4,5.6,94.4,0.944,94.0,8467.33,ok,100
2026-10-07T00:28:34+00:00,KXNCAAFGAME-26OCT06USMTROY-TROY,KXNCAAFGAME-26OCT06USMTROY,KXNCAAFGAME,Troy wins,yes,94.0,93.0,1.0,0,0,2026-10-07T03:00:00+00:00,100,0.4,5.6,94.4,0.944,94.0,18352.0,ok,100
2026-10-07T00:29:22+00:00,KXMLBGAME-26OCT061800LADATL-LAD,KXMLBGAME-26OCT061800LADATL,KXMLBGAME,Los Angeles D wins,yes,92.0,91.0,1.0,0,0,2026-10-07T01:00:00+00:00,100,0.46,6.54,93.46,0.9346,93.0,104650.01,ok,100
2026-10-07T00:29:22+00:00,KXMLBGAME-26OCT061800LADATL-ATL,KXMLBGAME-26OCT061800LADATL,KXMLBGAME,Atlanta wins,no,92.0,91.0,1.0,0,0,2026-10-07T01:00:00+00:00,100,0.46,6.54,93.46,0.9346,93.0,82354.07,ok,100
2026-10-07T00:30:11+00:00,KXNHLGAME-26OCT06OTTDET-OTT,KXNHLGAME-26OCT06OTTDET,KXNHLGAME,Ottawa wins,no,90.0,89.0,1.0,0,0,2026-10-07T02:00:00+00:00,100,0.63,9.37,90.63,0.9063,90.0,3115.0,ok,100
2026-10-07T00:30:11+00:00,KXNHLGAME-26OCT06OTTDET-DET,KXNHLGAME-26OCT06OTTDET,KXNHLGAME,Detroit wins,yes,90.0,89.0,1.0,0,0,2026-10-07T02:00:00+00:00,100,0.63,9.37,90.63,0.9063,90.0,8143.98,ok,100
2026-10-07T00:34:17+00:00,KXNCAAFGAME-26OCT06USMTROY-USM,KXNCAAFGAME-26OCT06USMTROY,KXNCAAFGAME,Southern Miss wins,no,91.0,90.0,1.0,0,0,2026-10-07T03:00:00+00:00,100,0.56,8.1806,91.8194,0.91819,91.2594,74.06,ok,100
2026-10-07T00:34:17+00:00,KXNCAAFGAME-26OCT06USMTROY-TROY,KXNCAAFGAME-26OCT06USMTROY,KXNCAAFGAME,Troy wins,yes,91.0,90.0,1.0,0,0,2026-10-07T03:00:00+00:00,100,0.58,8.42,91.58,0.9158,91.0,522.34,ok,100
2026-10-07T00:35:06+00:00,KXMLBGAME-26OCT061800LADATL-LAD,KXMLBGAME-26OCT061800LADATL,KXMLBGAME,Los Angeles D wins,yes,91.0,90.0,1.0,0,0,2026-10-07T01:00:00+00:00,100,0.58,8.42,91.58,0.9158,91.0,162060.28,ok,100
2026-10-07T00:35:06+00:00,KXMLBGAME-26OCT061800LADATL-ATL,KXMLBGAME-26OCT061800LADATL,KXMLBGAME,Atlanta wins,no,91.0,90.0,1.0,0,0,2026-10-07T01:00:00+00:00,100,0.58,8.42,91.58,0.9158,91.0,135251.1,ok,100
2026-10-07T00:35:06+00:00,KXNHLGAME-26OCT06MINBUF-MIN,KXNHLGAME-26OCT06MINBUF,KXNHLGAME,Minnesota wins,yes,90.0,89.0,1.0,0,0,2026-10-07T02:00:00+00:00,100,0.63,9.37,90.63,0.9063,90.0,1514.15,ok,100
2026-10-07T00:35:06+00:00,KXNHLGAME-26OCT06MINBUF-BUF,KXNHLGAME-26OCT06MINBUF,KXNHLGAME,Buffalo wins,no,90.0,89.0,1.0,0,0,2026-10-07T02:00:00+00:00,100,0.63,9.37,90.63,0.9063,90.0,848.62,ok,100
2026-10-07T00:35:55+00:00,KXNHLGAME-26OCT06OTTDET-OTT,KXNHLGAME-26OCT06OTTDET,KXNHLGAME,Ottawa wins,no,91.0,90.0,1.0,0,0,2026-10-07T02:00:00+00:00,100,0.52,7.48,92.52,0.9252,92.0,713.23,ok,100
2026-10-07T00:35:55+00:00,KXNHLGAME-26OCT06OTTDET-DET,KXNHLGAME-26OCT06OTTDET,KXNHLGAME,Detroit wins,yes,91.0,90.0,1.0,0,0,2026-10-07T02:00:00+00:00,100,0.58,8.42,91.58,0.9158,91.0,1121.11,ok,100
2026-10-07T00:40:02+00:00,KXNCAAFGAME-26OCT06USMTROY-USM,KXNCAAFGAME-26OCT06USMTROY,KXNCAAFGAME,Southern Miss wins,no,97.0,96.0,1.0,0,0,2026-10-07T03:00:00+00:00,100,0.21,2.79,97.21,0.9721,97.0,36076.67,ok,100
2026-10-07T00:40:02+00:00,KXNCAAFGAME-26OCT06USMTROY-TROY,KXNCAAFGAME-26OCT06USMTROY,KXNCAAFGAME,Troy wins,yes,97.0,96.0,1.0,0,0,2026-10-07T03:00:00+00:00,100,0.21,2.79,97.21,0.9721,97.0,85429.85,ok,100
2026-10-07T00:40:52+00:00,KXMLBGAME-26OCT061800LADATL-LAD,KXMLBGAME-26OCT061800LADATL,KXMLBGAME,Los Angeles D wins,yes,91.0,90.0,1.0,0,0,2026-10-07T01:00:00+00:00,100,0.58,8.42,91.58,0.9158,91.0,138812.72,ok,100
2026-10-07T00:40:52+00:00,KXMLBGAME-26OCT061800LADATL-ATL,KXMLBGAME-26OCT061800LADATL,KXMLBGAME,Atlanta wins,no,91.0,90.0,1.0,0,0,2026-10-07T01:00:00+00:00,100,0.58,8.42,91.58,0.9158,91.0,114937.89,ok,100
2026-10-07T00:40:52+00:00,KXNHLGAME-26OCT06MINBUF-MIN,KXNHLGAME-26OCT06MINBUF,KXNHLGAME,Minnesota wins,yes,90.0,89.0,1.0,0,0,2026-10-07T02:00:00+00:00,100,0.63,9.37,90.63,0.9063,90.0,100018.97,ok,100
2026-10-07T00:40:52+00:00,KXNHLGAME-26OCT06MINBUF-BUF,KXNHLGAME-26OCT06MINBUF,KXNHLGAME,Buffalo wins,no,90.0,89.0,1.0,0,0,2026-10-07T02:00:00+00:00,100,0.63,9.37,90.63,0.9063,90.0,45940.8,ok,100
2026-10-07T00:59:52+00:00,KXMLBGAME-26OCT061800LADATL-LAD,KXMLBGAME-26OCT061800LADATL,KXMLBGAME,Los Angeles D wins,yes,93.0,92.0,1.0,0,0,2026-10-07T01:00:00+00:00,100,0.46,6.54,93.46,0.9346,93.0,12205.3,ok,100
2026-10-07T00:59:52+00:00,KXMLBGAME-26OCT061800LADATL-ATL,KXMLBGAME-26OCT061800LADATL,KXMLBGAME,Atlanta wins,no,93.0,92.0,1.0,0,0,2026-10-07T01:00:00+00:00,100,0.46,6.54,93.46,0.9346,93.0,22771.88,ok,100
2026-10-07T00:59:52+00:00,KXNHLGAME-26OCT06MINBUF-MIN,KXNHLGAME-26OCT06MINBUF,KXNHLGAME,Minnesota wins,yes,91.0,90.0,1.0,0,0,2026-10-07T02:00:00+00:00,100,0.58,8.42,91.58,0.9158,91.0,18054.86,ok,100
2026-10-07T00:59:52+00:00,KXNHLGAME-26OCT06MINBUF-BUF,KXNHLGAME-26OCT06MINBUF,KXNHLGAME,Buffalo wins,no,91.0,90.0,1.0,0,0,2026-10-07T02:00:00+00:00,100,0.58,8.42,91.58,0.9158,91.0,11371.63,ok,100
2026-10-07T00:59:52+00:00,KXNHLGAME-26OCT06OTTDET-OTT,KXNHLGAME-26OCT06OTTDET,KXNHLGAME,Ottawa wins,no,92.0,91.0,1.0,0,0,2026-10-07T02:00:00+00:00,100,0.52,7.48,92.52,0.9252,92.0,40694.62,ok,100
2026-10-07T00:59:52+00:00,KXNHLGAME-26OCT06OTTDET-DET,KXNHLGAME-26OCT06OTTDET,KXNHLGAME,Detroit wins,yes,92.0,91.0,1.0,0,0,2026-10-07T02:00:00+00:00,100,0.52,7.48,92.52,0.9252,92.0,65917.62,ok,100
2026-10-07T00:59:52+00:00,KXNHLGAME-26OCT06UTANJ-UTA,KXNHLGAME-26OCT06UTANJ,KXNHLGAME,Utah wins,yes,90.0,89.0,1.0,0,0,2026-10-07T02:00:00+00:00,100,0.63,9.37,90.63,0.9063,90.0,47478.78,ok,100
2026-10-07T00:59:52+00:00,KXNHLGAME-26OCT06UTANJ-NJ,KXNHLGAME-26OCT06UTANJ,KXNHLGAME,New Jersey wins,no,90.0,89.0,1.0,0,0,2026-10-07T02:00:00+00:00,100,0.63,9.37,90.63,0.9063,90.0,21709.93,ok,100
2026-10-07T00:59:52+00:00,KXNBAGAME-26OCT06BKNCHA-CHA,KXNBAGAME-26OCT06BKNCHA,KXNBAGAME,Charlotte wins,no,97.0,96.0,1.0,0,0,2026-10-07T02:00:00+00:00,100,0.21,2.79,97.21,0.9721,97.0,16986.05,ok,100
2026-10-07T00:59:52+00:00,KXNBAGAME-26OCT06BKNCHA-BKN,KXNBAGAME-26OCT06BKNCHA,KXNBAGAME,Brooklyn wins,yes,97.0,96.0,1.0,0,0,2026-10-07T02:00:00+00:00,100,0.21,2.79,97.21,0.9721,97.0,28936.36,ok,100
2026-10-07T00:59:52+00:00,KXNCAAFGAME-26OCT06USMTROY-USM,KXNCAAFGAME-26OCT06USMTROY,KXNCAAFGAME,Southern Miss wins,no,95.0,94.0,1.0,0,0,2026-10-07T03:00:00+00:00,100,0.34,4.66,95.34,0.9534,95.0,50160.15,ok,100
2026-10-07T00:59:52+00:00,KXNCAAFGAME-26OCT06USMTROY-TROY,KXNCAAFGAME-26OCT06USMTROY,KXNCAAFGAME,Troy wins,yes,94.0,93.0,1.0,0,0,2026-10-07T03:00:00+00:00,100,0.4,5.6,94.4,0.944,94.0,822.71,ok,100
2026-10-07T01:05:33+00:00,KXNHLGAME-26OCT06OTTDET-OTT,KXNHLGAME-26OCT06OTTDET,KXNHLGAME,Ottawa wins,no,91.0,90.0,1.0,0,0,2026-10-07T02:00:00+00:00,100,0.52,7.48,92.52,0.9252,92.0,11386.78,ok,100
2026-10-07T01:05:33+00:00,KXNHLGAME-26OCT06OTTDET-DET,KXNHLGAME-26OCT06OTTDET,KXNHLGAME,Detroit wins,yes,91.0,89.0,2.0,0,0,2026-10-07T02:00:00+00:00,100,0.52,7.48,92.52,0.9252,92.0,5016.12,ok,100
2026-10-07T01:05:33+00:00,KXNHLGAME-26OCT06UTANJ-UTA,KXNHLGAME-26OCT06UTANJ,KXNHLGAME,Utah wins,yes,90.0,89.0,1.0,0,0,2026-10-07T02:00:00+00:00,100,0.63,9.37,90.63,0.9063,90.0,47126.33,ok,100
2026-10-07T01:05:33+00:00,KXNHLGAME-26OCT06UTANJ-NJ,KXNHLGAME-26OCT06UTANJ,KXNHLGAME,New Jersey wins,no,90.0,89.0,1.0,0,0,2026-10-07T02:00:00+00:00,100,0.63,9.37,90.63,0.9063,90.0,20581.11,ok,100
2026-10-07T01:05:33+00:00,KXNBAGAME-26OCT06BKNCHA-CHA,KXNBAGAME-26OCT06BKNCHA,KXNBAGAME,Charlotte wins,no,99.0,98.0,1.0,0,0,2026-10-07T02:00:00+00:00,100,0.07,0.93,99.07,0.9907,99.0,11143.17,ok,100
2026-10-07T01:05:33+00:00,KXNBAGAME-26OCT06BKNCHA-BKN,KXNBAGAME-26OCT06BKNCHA,KXNBAGAME,Brooklyn wins,yes,99.0,98.0,1.0,0,0,2026-10-07T02:00:00+00:00,100,0.07,0.93,99.07,0.9907,99.0,26290.46,ok,100
2026-10-07T01:05:33+00:00,KXNCAAFGAME-26OCT06USMTROY-USM,KXNCAAFGAME-26OCT06USMTROY,KXNCAAFGAME,Southern Miss wins,no,97.0,96.0,1.0,0,0,2026-10-07T03:00:00+00:00,100,0.21,2.79,97.21,0.9721,97.0,49102.11,ok,100
2026-10-07T01:05:33+00:00,KXNCAAFGAME-26OCT06USMTROY-TROY,KXNCAAFGAME-26OCT06USMTROY,KXNCAAFGAME,Troy wins,yes,97.0,96.0,1.0,0,0,2026-10-07T03:00:00+00:00,100,0.21,2.79,97.21,0.9721,97.0,111516.75,ok,100
2026-10-07T01:06:21+00:00,KXMLBGAME-26OCT061800LADATL-LAD,KXMLBGAME-26OCT061800LADATL,KXMLBGAME,Los Angeles D wins,yes,90.0,88.0,2.0,0,0,2026-10-07T01:00:00+00:00,100,0.63,9.37,90.63,0.9063,,106775.54,thin,0
2026-10-07T01:07:10+00:00,KXMLBGAME-26OCT061800LADATL-ATL,KXMLBGAME-26OCT061800LADATL,KXMLBGAME,Atlanta wins,no,96.0,95.0,1.0,0,0,2026-10-07T01:00:00+00:00,100,0.27,3.73,96.27,0.9627,96.0,85935.32,ok,100
2026-10-07T01:11:12+00:00,KXNHLGAME-26OCT06OTTDET-OTT,KXNHLGAME-26OCT06OTTDET,KXNHLGAME,Ottawa wins,no,94.0,93.0,1.0,0,0,2026-10-07T02:00:00+00:00,100,0.4,5.6,94.4,0.944,94.0,7023.98,ok,100
2026-10-07T01:11:12+00:00,KXNHLGAME-26OCT06OTTDET-DET,KXNHLGAME-26OCT06OTTDET,KXNHLGAME,Detroit wins,yes,94.0,93.0,1.0,0,0,2026-10-07T02:00:00+00:00,100,0.4,5.6,94.4,0.944,94.0,11532.72,ok,100
2026-10-07T01:11:12+00:00,KXNHLGAME-26OCT06UTANJ-UTA,KXNHLGAME-26OCT06UTANJ,KXNHLGAME,Utah wins,yes,90.0,89.0,1.0,0,0,2026-10-07T02:00:00+00:00,100,0.63,9.37,90.63,0.9063,90.0,47382.34,ok,100
2026-10-07T01:11:12+00:00,KXNHLGAME-26OCT06UTANJ-NJ,KXNHLGAME-26OCT06UTANJ,KXNHLGAME,New Jersey wins,no,90.0,89.0,1.0,0,0,2026-10-07T02:00:00+00:00,100,0.63,9.37,90.63,0.9063,90.0,20247.9,ok,100
2026-10-07T01:11:12+00:00,KXNCAAFGAME-26OCT06USMTROY-USM,KXNCAAFGAME-26OCT06USMTROY,KXNCAAFGAME,Southern Miss wins,no,98.0,97.0,1.0,0,0,2026-10-07T03:00:00+00:00,100,0.14,1.86,98.14,0.9814,98.0,31947.61,ok,100
2026-10-07T01:11:12+00:00,KXNCAAFGAME-26OCT06USMTROY-TROY,KXNCAAFGAME-26OCT06USMTROY,KXNCAAFGAME,Troy wins,yes,98.0,97.0,1.0,0,0,2026-10-07T03:00:00+00:00,100,0.14,1.86,98.14,0.9814,98.0,88162.43,ok,100
2026-10-07T01:16:50+00:00,KXNHLGAME-26OCT06OTTDET-OTT,KXNHLGAME-26OCT06OTTDET,KXNHLGAME,Ottawa wins,no,96.0,95.0,1.0,0,0,2026-10-07T02:00:00+00:00,100,0.27,3.73,96.27,0.9627,96.0,18299.08,ok,100
2026-10-07T01:16:50+00:00,KXNHLGAME-26OCT06OTTDET-DET,KXNHLGAME-26OCT06OTTDET,KXNHLGAME,Detroit wins,yes,96.0,95.0,1.0,0,0,2026-10-07T02:00:00+00:00,100,0.34,4.66,95.34,0.9534,95.0,14484.14,ok,100
2026-10-07T01:16:50+00:00,KXNHLGAME-26OCT06UTANJ-UTA,KXNHLGAME-26OCT06UTANJ,KXNHLGAME,Utah wins,yes,91.0,90.0,1.0,0,0,2026-10-07T02:00:00+00:00,100,0.52,7.48,92.52,0.9252,92.0,17994.75,ok,100
2026-10-07T01:16:50+00:00,KXNHLGAME-26OCT06UTANJ-NJ,KXNHLGAME-26OCT06UTANJ,KXNHLGAME,New Jersey wins,no,91.0,90.0,1.0,0,0,2026-10-07T02:00:00+00:00,100,0.52,7.48,92.52,0.9252,92.0,1102.0,ok,100
2026-10-07T01:16:50+00:00,KXNCAAFGAME-26OCT06USMTROY-USM,KXNCAAFGAME-26OCT06USMTROY,KXNCAAFGAME,Southern Miss wins,no,98.0,97.0,1.0,0,0,2026-10-07T03:00:00+00:00,100,0.14,1.86,98.14,0.9814,98.0,50868.61,ok,100
2026-10-07T01:16:50+00:00,KXNCAAFGAME-26OCT06USMTROY-TROY,KXNCAAFGAME-26OCT06USMTROY,KXNCAAFGAME,Troy wins,yes,98.0,97.0,1.0,0,0,2026-10-07T03:00:00+00:00,100,0.14,1.86,98.14,0.9814,98.0,80773.58,ok,100
2026-10-07T01:22:28+00:00,KXNHLGAME-26OCT06UTANJ-UTA,KXNHLGAME-26OCT06UTANJ,KXNHLGAME,Utah wins,yes,94.0,93.0,1.0,0,0,2026-10-07T02:00:00+00:00,100,0.34,4.66,95.34,0.9534,95.0,18649.34,ok,100
2026-10-07T01:22:28+00:00,KXNHLGAME-26OCT06UTANJ-NJ,KXNHLGAME-26OCT06UTANJ,KXNHLGAME,New Jersey wins,no,94.0,93.0,1.0,0,0,2026-10-07T02:00:00+00:00,100,0.4,5.6,94.4,0.944,94.0,13961.25,ok,100
2026-10-07T01:22:28+00:00,KXNCAAFGAME-26OCT06USMTROY-USM,KXNCAAFGAME-26OCT06USMTROY,KXNCAAFGAME,Southern Miss wins,no,99.0,98.0,1.0,0,0,2026-10-07T03:00:00+00:00,100,0.07,0.93,99.07,0.9907,99.0,68528.14,ok,100
2026-10-07T01:22:28+00:00,KXNCAAFGAME-26OCT06USMTROY-TROY,KXNCAAFGAME-26OCT06USMTROY,KXNCAAFGAME,Troy wins,yes,99.0,98.0,1.0,0,0,2026-10-07T03:00:00+00:00,100,0.07,0.93,99.07,0.9907,99.0,67971.82,ok,100
2026-10-07T07:09:48+00:00,KXATPMATCH-26OCT07COPTSI-TSI,KXATPMATCH-26OCT07COPTSI,KXATPMATCH,Stefanos Tsitsipas wins,yes,91.0,90.0,1.0,0,0,2026-10-07T07:00:00+00:00,100,0.58,8.42,91.58,0.9158,91.0,21056.54,ok,100
2026-10-07T07:09:48+00:00,KXATPMATCH-26OCT07COPTSI-COP,KXATPMATCH-26OCT07COPTSI,KXATPMATCH,Kimmer Coppejans wins,no,91.0,90.0,1.0,0,0,2026-10-07T07:00:00+00:00,100,0.58,8.42,91.58,0.9158,91.0,10705.11,ok,100
2026-10-07T07:15:22+00:00,KXATPMATCH-26OCT07COPTSI-TSI,KXATPMATCH-26OCT07COPTSI,KXATPMATCH,Stefanos Tsitsipas wins,yes,91.0,90.0,1.0,0,0,2026-10-07T07:00:00+00:00,100,0.58,8.42,91.58,0.9158,91.0,21055.54,ok,100
2026-10-07T07:15:22+00:00,KXATPMATCH-26OCT07COPTSI-COP,KXATPMATCH-26OCT07COPTSI,KXATPMATCH,Kimmer Coppejans wins,no,91.0,90.0,1.0,0,0,2026-10-07T07:00:00+00:00,100,0.58,8.42,91.58,0.9158,91.0,10705.11,ok,100
2026-10-07T07:20:55+00:00,KXATPMATCH-26OCT07COPTSI-TSI,KXATPMATCH-26OCT07COPTSI,KXATPMATCH,Stefanos Tsitsipas wins,yes,91.0,90.0,1.0,0,0,2026-10-07T07:00:00+00:00,100,0.58,8.42,91.58,0.9158,91.0,11969.0,ok,100
2026-10-07T07:20:55+00:00,KXATPMATCH-26OCT07COPTSI-COP,KXATPMATCH-26OCT07COPTSI,KXATPMATCH,Kimmer Coppejans wins,no,91.0,90.0,1.0,0,0,2026-10-07T07:00:00+00:00,100,0.58,8.42,91.58,0.9158,91.0,4662.11,ok,100
2026-10-07T07:26:28+00:00,KXATPMATCH-26OCT07COPTSI-TSI,KXATPMATCH-26OCT07COPTSI,KXATPMATCH,Stefanos Tsitsipas wins,yes,91.0,90.0,1.0,0,0,2026-10-07T07:00:00+00:00,100,0.58,8.42,91.58,0.9158,91.0,11969.0,ok,100
2026-10-07T07:26:28+00:00,KXATPMATCH-26OCT07COPTSI-COP,KXATPMATCH-26OCT07COPTSI,KXATPMATCH,Kimmer Coppejans wins,no,91.0,90.0,1.0,0,0,2026-10-07T07:00:00+00:00,100,0.58,8.42,91.58,0.9158,91.0,3762.11,ok,100
2026-10-07T07:32:01+00:00,KXATPMATCH-26OCT07COPTSI-TSI,KXATPMATCH-26OCT07COPTSI,KXATPMATCH,Stefanos Tsitsipas wins,yes,91.0,90.0,1.0,0,0,2026-10-07T07:00:00+00:00,100,0.58,8.42,91.58,0.9158,91.0,11969.0,ok,100
2026-10-07T07:32:01+00:00,KXATPMATCH-26OCT07COPTSI-COP,KXATPMATCH-26OCT07COPTSI,KXATPMATCH,Kimmer Coppejans wins,no,91.0,90.0,1.0,0,0,2026-10-07T07:00:00+00:00,100,0.58,8.42,91.58,0.9158,91.0,3662.11,ok,100
2026-10-07T22:05:58+00:00,KXMLBGAME-26OCT071600CLECWS-CWS,KXMLBGAME-26OCT071600CLECWS,KXMLBGAME,Chicago WS wins,no,90.0,88.0,2.0,0,0,2026-10-07T23:00:00+00:00,100,0.69,10.31,89.69,0.8969,89.0,16646.1,ok,100
