event_ticker,series,sport,day,expiry,first_seen,peak_ask
KXBRASILEIROGAME-26OCT08CAPATL,KXBRASILEIROGAME,Brasileiro Serie A,2026-10-08,2026-10-09T02:00:00+00:00,2026-10-08T22:51:54+00:00,90.5
KXBRASILEIROGAME-26OCT08FLUCFC,KXBRASILEIROGAME,Brasileiro Serie A,2026-10-08,2026-10-09T03:30:00+00:00,2026-10-08T22:51:54+00:00,87.5
KXBRASILEIROGAME-26OCT08PALBAH,KXBRASILEIROGAME,Brasileiro Serie A,2026-10-08,2026-10-09T03:30:00+00:00,2026-10-08T22:51:54+00:00,84.5
KXBRASILEIROGAME-26OCT08SANFLA,KXBRASILEIROGAME,Brasileiro Serie A,2026-10-08,2026-10-09T01:30:00+00:00,2026-10-08T22:51:54+00:00,99
KXITFMATCH-26OCT08HERCLA,KXITFMATCH,Tennis (ITF men),2026-10-08,2026-10-08T22:30:00+00:00,2026-10-08T22:51:54+00:00,100
KXITFMATCH-26OCT08OSOBIN,KXITFMATCH,Tennis (ITF men),2026-10-08,2026-10-08T21:30:00+00:00,2026-10-08T22:51:54+00:00,100
KXITFWMATCH-26OCT08MARMEA,KXITFWMATCH,Tennis (ITF women),2026-10-08,2026-10-09T02:27:21+00:00,2026-10-08T22:51:54+00:00,67
KXMLBGAME-26OCT081700CLECWS,KXMLBGAME,MLB,2026-10-08,2026-10-09T00:00:00+00:00,2026-10-08T17:32:13+00:00,52
KXNBAGAME-26OCT08ATLSAS,KXNBAGAME,NBA,2026-10-08,2026-10-09T03:00:00+00:00,2026-10-08T17:32:13+00:00,73
KXNBAGAME-26OCT08BOSCLE,KXNBAGAME,NBA,2026-10-08,2026-10-09T02:00:00+00:00,2026-10-08T17:32:13+00:00,73
KXNBAGAME-26OCT08NOPMIA,KXNBAGAME,NBA,2026-10-08,2026-10-09T02:30:00+00:00,2026-10-08T17:32:13+00:00,80
KXNBAGAME-26OCT08PHIBKN,KXNBAGAME,NBA,2026-10-08,2026-10-09T02:30:00+00:00,2026-10-08T17:32:13+00:00,75
KXNBAGAME-26OCT08WASNYK,KXNBAGAME,NBA,2026-10-08,2026-10-09T02:30:00+00:00,2026-10-08T17:32:13+00:00,71
KXNCAAFGAME-26OCT08MOSUWKU,KXNCAAFGAME,College football,2026-10-08,2026-10-09T02:00:00+00:00,2026-10-08T17:32:13+00:00,66
KXNCAAFGAME-26OCT08SHSULIB,KXNCAAFGAME,College football,2026-10-08,2026-10-09T02:00:00+00:00,2026-10-08T17:32:13+00:00,96
KXNCAAFGAME-26OCT08USAARST,KXNCAAFGAME,College football,2026-10-08,2026-10-09T02:30:00+00:00,2026-10-08T17:32:13+00:00,60
KXNCAAFGAME-26OCT08USFUTSA,KXNCAAFGAME,College football,2026-10-08,2026-10-09T02:30:00+00:00,2026-10-08T17:32:13+00:00,71
KXNFLGAME-26OCT08TBDAL,KXNFLGAME,NFL,2026-10-08,2026-10-09T03:15:00+00:00,2026-10-08T17:32:13+00:00,81
KXNHLGAME-26OCT08CHINYI,KXNHLGAME,NHL,2026-10-08,2026-10-09T02:30:00+00:00,2026-10-08T17:32:13+00:00,66
KXNHLGAME-26OCT08COLCGY,KXNHLGAME,NHL,2026-10-08,2026-10-09T04:00:00+00:00,2026-10-08T17:32:13+00:00,70
KXNHLGAME-26OCT08DALBUF,KXNHLGAME,NHL,2026-10-08,2026-10-09T02:00:00+00:00,2026-10-08T17:32:13+00:00,73
KXNHLGAME-26OCT08MINTB,KXNHLGAME,NHL,2026-10-08,2026-10-09T02:00:00+00:00,2026-10-08T17:32:13+00:00,88
KXNHLGAME-26OCT08NSHMTL,KXNHLGAME,NHL,2026-10-08,2026-10-09T02:00:00+00:00,2026-10-08T17:32:13+00:00,72
KXNHLGAME-26OCT08PHIOTT,KXNHLGAME,NHL,2026-10-08,2026-10-09T02:00:00+00:00,2026-10-08T17:32:13+00:00,79
KXNHLGAME-26OCT08SJSTL,KXNHLGAME,NHL,2026-10-08,2026-10-09T03:00:00+00:00,2026-10-08T17:32:13+00:00,61
KXNHLGAME-26OCT08UTABOS,KXNHLGAME,NHL,2026-10-08,2026-10-09T02:00:00+00:00,2026-10-08T17:32:13+00:00,88
KXNHLGAME-26OCT08VANCAR,KXNHLGAME,NHL,2026-10-08,2026-10-09T02:00:00+00:00,2026-10-08T17:32:13+00:00,98
