trade_id,first_seen,ticker,event_ticker,series,sport,title,side,entry_price,best_ask,depth_at_ask,bid,spread,volume,open_interest,expiry,contracts,fee_usd,status,result,won,pnl_usd,settled_at,via_mirror,partner_fill,tier_ask,base_trade_id,base_entry_price
KXITFWMATCH-26OCT09RAIGON-RAI|no|95,2026-10-09T08:01:33+00:00,KXITFWMATCH-26OCT09RAIGON-RAI,KXITFWMATCH-26OCT09RAIGON,KXITFWMATCH,Tennis (ITF women),Fernanda Rain wins,no,97.0,97.0,225.78,96.0,1.0,0,0,2026-10-09T19:30:00+00:00,100,0.21,open,,,,,0,,95,KXITFWMATCH-26OCT09RAIGON-RAI|no,97.0
KXATPMATCH-26OCT09HANTIA-TIA|yes|95,2026-10-09T08:02:28+00:00,KXATPMATCH-26OCT09HANTIA-TIA,KXATPMATCH-26OCT09HANTIA,KXATPMATCH,Tennis (ATP),Frances Tiafoe wins,yes,97.0,97.0,59966.14,96.0,1.0,0,0,2026-10-09T07:00:00+00:00,100,0.21,settled,yes,1,2.7900,2026-10-09T08:28:13+00:00,0,,95,KXATPMATCH-26OCT09HANTIA-TIA|yes,94.0
KXATPMATCH-26OCT09ZVEYIB-ZVE|yes|95,2026-10-09T08:05:10+00:00,KXATPMATCH-26OCT09ZVEYIB-ZVE,KXATPMATCH-26OCT09ZVEYIB,KXATPMATCH,Tennis (ATP),Alexander Zverev wins,yes,97.0,96.0,8784.63,95.0,1.0,0,0,2026-10-09T07:00:00+00:00,100,0.21,settled,yes,1,2.7900,2026-10-09T08:12:26+00:00,0,,95,KXATPMATCH-26OCT09ZVEYIB-ZVE|yes,92.0
KXITFWMATCH-26OCT09POPSNI-POP|no|95,2026-10-09T08:06:59+00:00,KXITFWMATCH-26OCT09POPSNI-POP,KXITFWMATCH-26OCT09POPSNI,KXITFWMATCH,Tennis (ITF women),Andrea Lola Popovic wins,no,95.1,95.0,90.0,93.0,2.0,0,0,2026-10-09T13:00:00+00:00,100,0.33,open,,,,,0,,95,KXITFWMATCH-26OCT09POPSNI-POP|no,90.0
KXITFMATCH-26OCT09STRNEI-STR|yes|95,2026-10-09T08:11:32+00:00,KXITFMATCH-26OCT09STRNEI-STR,KXITFMATCH-26OCT09STRNEI,KXITFMATCH,Tennis (ITF men),Robert Strombachs wins,yes,96.0,96.0,2484.21,95.0,1.0,0,0,2026-10-09T13:00:00+00:00,100,0.27,open,,,,,0,,95,KXITFMATCH-26OCT09STRNEI-STR|yes,90.0
KXATPMATCH-26OCT09HALBLO-HAL|yes|95,2026-10-09T08:14:16+00:00,KXATPMATCH-26OCT09HALBLO-HAL,KXATPMATCH-26OCT09HALBLO,KXATPMATCH,Tennis (ATP),Quentin Halys wins,yes,95.0,95.0,120970.77,94.0,1.0,0,0,2026-10-09T07:00:00+00:00,100,0.34,settled,yes,1,4.6600,2026-10-09T08:33:35+00:00,0,,95,KXATPMATCH-26OCT09HALBLO-HAL|yes,90.0
KXITFWMATCH-26OCT09REGSAM-SAM|no|95,2026-10-09T08:16:05+00:00,KXITFWMATCH-26OCT09REGSAM-SAM,KXITFWMATCH-26OCT09REGSAM,KXITFWMATCH,Tennis (ITF women),Ayline Esina Samardzic wins,no,95.0,95.0,690.35,94.0,1.0,0,0,2026-10-09T13:00:00+00:00,100,0.34,open,,,,,0,,95,KXITFWMATCH-26OCT09REGSAM-SAM|no,90.0
KXITFMATCH-26OCT09SENFAU-FAU|yes|95,2026-10-09T08:20:41+00:00,KXITFMATCH-26OCT09SENFAU-FAU,KXITFMATCH-26OCT09SENFAU,KXITFMATCH,Tennis (ITF men),Romain Faucon wins,yes,96.55,95.0,5.0,92.0,3.0,0,0,2026-10-09T13:00:00+00:00,100,0.24,open,,,,,0,,95,KXITFMATCH-26OCT09SENFAU-FAU|yes,89.0
KXITFWMATCH-26OCT09POPDOR-DOR|yes|95,2026-10-09T08:21:35+00:00,KXITFWMATCH-26OCT09POPDOR-DOR,KXITFWMATCH-26OCT09POPDOR,KXITFWMATCH,Tennis (ITF women),Felitsata Dorofeeva-Rybas wins,yes,95.0,95.0,1078.67,93.0,2.0,0,0,2026-10-09T14:00:00+00:00,100,0.34,open,,,,,0,,95,KXITFWMATCH-26OCT09POPDOR-DOR|yes,90.0
KXITFWMATCH-26OCT09CLABRE-BRE|yes|95,2026-10-09T09:05:06+00:00,KXITFWMATCH-26OCT09CLABRE-BRE,KXITFWMATCH-26OCT09CLABRE,KXITFWMATCH,Tennis (ITF women),Alesia Breaz wins,yes,95.0,95.0,2831.0,94.0,1.0,0,0,2026-10-09T14:00:00+00:00,100,0.34,open,,,,,0,,95,KXITFWMATCH-26OCT09CLABRE-BRE|yes,90.99
KXITFMATCH-26OCT09HASELA-HAS|yes|95,2026-10-09T09:08:00+00:00,KXITFMATCH-26OCT09HASELA-HAS,KXITFMATCH-26OCT09HASELA,KXITFMATCH,Tennis (ITF men),Jordan Hasson wins,yes,96.0,95.0,3692.36,94.0,1.0,0,0,2026-10-09T13:30:00+00:00,100,0.27,open,,,,,0,,95,KXITFMATCH-26OCT09HASELA-HAS|yes,90.0
KXITFWMATCH-26OCT09TUBMAT-TUB|yes|95,2026-10-09T09:08:58+00:00,KXITFWMATCH-26OCT09TUBMAT-TUB,KXITFWMATCH-26OCT09TUBMAT,KXITFWMATCH,Tennis (ITF women),Alice Tubello wins,yes,96.0,96.0,1651.6,95.0,1.0,0,0,2026-10-09T14:00:00+00:00,100,0.27,open,,,,,0,,95,KXITFWMATCH-26OCT09TUBMAT-TUB|yes,90.0
KXITFWMATCH-26OCT09ZHEKOV-ZHE|no|95,2026-10-09T09:10:54+00:00,KXITFWMATCH-26OCT09ZHEKOV-ZHE,KXITFWMATCH-26OCT09ZHEKOV,KXITFWMATCH,Tennis (ITF women),Sonja Zhenikhova wins,no,96.0,95.0,9580.59,93.0,2.0,0,0,2026-10-09T14:00:00+00:00,100,0.27,open,,,,,0,,95,KXITFWMATCH-26OCT09ZHEKOV-ZHE|no,91.0
